ngram,match_count,selectivity,bucket_lo,bucket_hi,bucket_span,rows_in_buckets,prune_rate,time_full_ms,time_fp_ms,speedup
"""en",23,1.8721954715335935e-06,0,0,1,46114,0.9962463294793783,999.1717919999994,59.50387500000076,16.79170964916128
"""fa",28,2.279194487084375e-06,0,0,1,46114,0.9962463294793783,997.7836250000003,102.39825000000025,9.744147238844393
"""k""",1,8.139980311015624e-08,0,0,1,46114,0.9962463294793783,1011.367958000001,54.78862500000048,18.459451355094092
#28,83,6.756183658142968e-06,0,0,1,46114,0.9962463294793783,1021.120542000002,233.40250000000395,4.374934038838422
#86,6,4.883988186609374e-07,0,0,1,46114,0.9962463294793783,1027.073124999994,51.87674999999814,19.79833210445972
#eg,1,8.139980311015624e-08,0,0,1,46114,0.9962463294793783,1024.7612500000046,59.76187499999952,17.14740794193644
#kn,3,2.441994093304687e-07,0,0,1,46114,0.9962463294793783,1023.3210419999991,59.948958999996194,17.06987175540553
#kt,1,8.139980311015624e-08,0,0,1,46114,0.9962463294793783,1051.7969579999972,80.96695800000475,12.990446769655534
#pf,1,8.139980311015624e-08,0,0,1,46114,0.9962463294793783,1046.6890830000038,58.86033299999838,17.782588538872737
#xm,1,8.139980311015624e-08,0,0,1,46114,0.9962463294793783,1030.942875000008,57.25625000000889,18.005770112430486
$0-,1,8.139980311015624e-08,0,0,1,46114,0.9962463294793783,985.9517500000123,57.58337500000721,17.122159824773885
& b,1,8.139980311015624e-08,0,0,1,46114,0.9962463294793783,981.9992079999906,57.31066599999224,17.134667532918282
&fr,1,8.139980311015624e-08,0,0,1,46114,0.9962463294793783,989.712916000002,52.170832999991035,18.970617471263534
(fl,2,1.6279960622031248e-07,0,0,1,46114,0.9962463294793783,995.475084000006,59.064958999996975,16.853902903751393
(fo,2,1.6279960622031248e-07,0,0,1,46114,0.9962463294793783,1017.4789160000159,58.535125000020116,17.382365135457835
(ho,4,3.2559921244062496e-07,0,0,1,46114,0.9962463294793783,1013.0693340000221,58.559333000005154,17.29987829608532
(sa,7,5.697986217710937e-07,0,0,1,46114,0.9962463294793783,1014.5627090000175,51.80362500001934,19.584782126726438
**h,2,1.6279960622031248e-07,0,0,1,46114,0.9962463294793783,989.0943749999792,58.35620900001004,16.949256847712796
+1m,1,8.139980311015624e-08,0,0,1,46114,0.9962463294793783,986.8896250000034,58.17641699999854,16.963740221403256
-di,1,8.139980311015624e-08,0,0,1,46114,0.9962463294793783,992.8696249999973,51.41862499999661,19.30953278116758
"0,6",1,8.139980311015624e-08,0,0,1,46114,0.9962463294793783,1012.8140409999844,59.87404199998991,16.915745240652953
09h,2,1.6279960622031248e-07,0,0,1,46114,0.9962463294793783,985.6250829999738,60.597666999996136,16.265066491751845
1.0,39,3.174592321296093e-06,1,1,1,48986,0.9960125492448458,1006.4794580000012,51.99041700001317,19.358941821908186
11.,3814,0.00031045884906213587,1,1,1,48986,0.9960125492448458,1021.3917920000029,125.65087500001937,8.128807634645167
118,82,6.674783855032811e-06,1,1,1,48986,0.9960125492448458,1035.377957999998,262.6495840000018,3.942050629708939
122,83,6.756183658142968e-06,1,1,1,48986,0.9960125492448458,1030.6270829999846,378.61466600000426,2.7221002659204254
162,52,4.232789761728125e-06,2,2,1,45630,0.9962857269840836,1030.1419580000015,246.33512500000165,4.1818719843546255
167,55,4.476989171058593e-06,2,2,1,45630,0.9962857269840836,1013.0805830000043,356.19070899997496,2.844208333912706
168,54,4.395589367948437e-06,2,2,1,45630,0.9962857269840836,1041.0800000000222,350.07787500001086,2.9738526035099757
178,63,5.128187595939843e-06,2,2,1,45630,0.9962857269840836,1036.8780000000015,431.391417000043,2.403566596689841
"18,",14,1.1395972435421874e-06,2,2,1,45630,0.9962857269840836,1014.1589579999959,60.111667000001034,16.871249935557078
19-,89,7.244582476803905e-06,2,2,1,45630,0.9962857269840836,1039.972458999955,223.12808300000597,4.6608765916746
1a1,1,8.139980311015624e-08,2,2,1,45630,0.9962857269840836,994.012540999961,54.32308400003194,18.298161072728796
1am,3,2.441994093304687e-07,2,2,1,45630,0.9962857269840836,1028.5370409999928,59.87675000000081,17.17756960756853
2 +,14,1.1395972435421874e-06,2,2,1,45630,0.9962857269840836,1008.5875420000434,59.073667000006935,17.073386387202355
2 6,1,8.139980311015624e-08,2,2,1,45630,0.9962857269840836,1026.281708000056,59.970374999977594,17.11314474856026
2 r,26,2.1163948808640624e-06,2,2,1,45630,0.9962857269840836,1037.34504199997,57.81624999997348,17.942101779351752
21o,2,1.6279960622031248e-07,3,3,1,46826,0.9961883728195638,1039.8032499999772,59.939917000008336,17.347425589525468
24g,2,1.6279960622031248e-07,4,4,1,48691,0.9960365621867634,1029.6817500000088,57.781417000001056,17.82029246530922
26p,1,8.139980311015624e-08,4,4,1,48691,0.9960365621867634,1018.907458000001,60.856375000014395,16.74282206259837
2ni,4,3.2559921244062496e-07,4,4,1,48691,0.9960365621867634,1016.9059160000415,58.89970799995581,17.265041721442905
3.d,3,2.441994093304687e-07,4,4,1,48691,0.9960365621867634,1000.2379160000032,57.728499999996075,17.326587664672928
"32,",1,8.139980311015624e-08,5,5,1,47204,0.9961576036939882,1049.4680420000009,61.1360419999869,17.166110328179663
32:,1,8.139980311015624e-08,5,5,1,47204,0.9961576036939882,1011.9365839999546,51.750457999958144,19.554157066605537
343,17,1.383796652872656e-06,5,5,1,47204,0.9961576036939882,1003.7146249999864,58.9717080000014,17.020273942209077
35.,67,5.4537868083804675e-06,5,5,1,47204,0.9961576036939882,1005.9865409999702,271.3680830000271,3.707092337015439
35t,39,3.174592321296093e-06,5,5,1,47204,0.9961576036939882,1027.8003750000266,323.87029099999154,3.173493844793728
3ja,1,8.139980311015624e-08,5,5,1,47204,0.9961576036939882,1010.7186669999919,58.693790999996054,17.22019739703063
3x3,22,1.7907956684234373e-06,5,5,1,47204,0.9961576036939882,1042.4348330000157,53.5204580000368,19.477315253903452
4 p,61,4.96538798971953e-06,5,5,1,47204,0.9961576036939882,1032.4433330000033,360.07875000001377,2.867270931705811
4 z,4,3.2559921244062496e-07,5,5,1,47204,0.9961576036939882,1038.7858749999737,60.61483300004511,17.137486380589394
4 à,1,8.139980311015624e-08,5,5,1,47204,0.9961576036939882,1154.7805000000153,57.22308299999668,20.180326530118666
405,35,2.8489931088554683e-06,5,5,1,47204,0.9961576036939882,1045.6065829999943,370.1175420000027,2.825066267731743
43j,1,8.139980311015624e-08,5,5,1,47204,0.9961576036939882,1018.0373750000058,60.11479099998951,16.934890033971563
464,30,2.4419940933046872e-06,5,5,1,47204,0.9961576036939882,987.984707999999,57.62608300000238,17.144748637521626
46e,2,1.6279960622031248e-07,5,5,1,47204,0.9961576036939882,1010.507500000017,53.082582999991246,19.03651711899897
47 ,76,6.186385036371874e-06,5,5,1,47204,0.9961576036939882,1030.7233330000258,248.16950000001725,4.153303822588812
495,10,8.139980311015623e-07,5,5,1,47204,0.9961576036939882,1013.04058300002,52.01291699995636,19.476711583026
5*7,1,8.139980311015624e-08,5,5,1,47204,0.9961576036939882,1023.8178339999422,60.03633299997091,17.053303938474027
"5,9",1,8.139980311015624e-08,5,5,1,47204,0.9961576036939882,1002.5967500000661,58.73004199997922,17.07127588978092
5.-,13,1.0581974404320312e-06,5,5,1,47204,0.9961576036939882,1000.7234999999355,51.79537499998332,19.320711550022715
53a,1,8.139980311015624e-08,5,5,1,47204,0.9961576036939882,1020.0409169999602,59.93716599994059,17.018504294997385
54-,5,4.0699901555078117e-07,5,5,1,47204,0.9961576036939882,1024.457333999976,57.88008299998637,17.69965212386128
562,7,5.697986217710937e-07,5,5,1,47204,0.9961576036939882,1005.8454159999428,60.20195899998271,16.70785191558686
584,5,4.0699901555078117e-07,5,5,1,47204,0.9961576036939882,999.5952079999597,59.40570800009937,16.826585216327828
61t,1,8.139980311015624e-08,5,5,1,47204,0.9961576036939882,1028.0875830000014,51.729209000086485,19.874411437419862
62-,4,3.2559921244062496e-07,5,5,1,47204,0.9961576036939882,999.2922500000532,58.507125000005544,17.07983856666959
65.,47,3.825790746177343e-06,5,5,1,47204,0.9961576036939882,1027.340707999997,196.6602499999226,5.2239367538707056
65t,24,1.9535952746437495e-06,5,5,1,47204,0.9961576036939882,1050.7307500000707,58.878124999978354,17.845859561602158
6by,1,8.139980311015624e-08,5,5,1,47204,0.9961576036939882,1043.4758339999917,59.18004199997995,17.63222530325925
73 ,78,6.349184642592186e-06,6,6,1,49146,0.9959995252763483,1009.2194159999508,130.63975000000028,7.72520933329977
73y,1,8.139980311015624e-08,6,6,1,49146,0.9959995252763483,1019.2416249999496,52.69387499993172,19.342696376026062
75+,1,8.139980311015624e-08,6,6,1,49146,0.9959995252763483,1004.8914580000883,58.44858299997213,17.19274285914797
769,12,9.767976373218748e-07,6,6,1,49146,0.9959995252763483,989.9902920000159,58.8054170000305,16.835018651419517
7iè,1,8.139980311015624e-08,6,6,1,49146,0.9959995252763483,1141.3096659999837,61.32883300006142,18.609675256642184
8 1,15,1.2209970466523436e-06,6,6,1,49146,0.9959995252763483,1016.6292500000509,57.020874999921034,17.82907137081742
8h1,1,8.139980311015624e-08,6,6,1,49146,0.9959995252763483,984.3862079999326,59.794667000005575,16.46277598635746
9 r,19,1.5465962590929685e-06,6,6,1,49146,0.9959995252763483,1030.3972499999645,52.03070899995055,19.80363654089249
927,4,3.2559921244062496e-07,6,6,1,49146,0.9959995252763483,998.0219579999812,59.003375000088454,16.914658830931028
92c,7,5.697986217710937e-07,6,6,1,49146,0.9959995252763483,1001.7430410000543,59.64829099991675,16.794161646667334
98b,1,8.139980311015624e-08,6,6,1,49146,0.9959995252763483,1012.8419579999672,59.304999999994834,17.078525554338682
9fi,1,8.139980311015624e-08,6,6,1,49146,0.9959995252763483,1029.5518340000172,51.987041999950634,19.8040087374272
[ d,1,8.139980311015624e-08,6,6,1,49146,0.9959995252763483,1019.402833000072,59.53691699994579,17.122197190711105
[gs,1,8.139980311015624e-08,6,6,1,49146,0.9959995252763483,1015.6332499999507,61.394833000008475,16.542650258529257
_di,4796,0.0003903934557163093,6,6,1,49146,0.9959995252763483,1053.4712920000402,59.818959000040195,17.610993397583737
_wu,51,4.151389958617968e-06,6,6,1,49146,0.9959995252763483,1011.708958999975,59.8406660000137,16.906712886513386
a(h,1,8.139980311015624e-08,8,8,1,45325,0.9963105539240321,1031.152332999909,51.57645799999955,19.992693817786364
a+a,2,1.6279960622031248e-07,8,8,1,45325,0.9963105539240321,1040.9465420000288,60.72562500003187,17.141800384919588
a2-,5,4.0699901555078117e-07,8,8,1,45325,0.9963105539240321,1023.3229589999837,58.471832999998696,17.501126721989483
a3d,2,1.6279960622031248e-07,8,8,1,45325,0.9963105539240321,1011.5874580000082,58.64450000001398,17.249485595405655
abx,1,8.139980311015624e-08,9,9,1,59761,0.995135466366334,998.4132920000093,58.70762500001092,17.006535215822876
adc,6,4.883988186609374e-07,9,9,1,59761,0.995135466366334,1034.080458999938,52.648708000106126,19.641136473811542
amu,260,2.116394880864062e-05,12,12,1,47206,0.996157440894382,1044.6632910000062,182.01075000001765,5.739569179292459
amy,1061,8.636519109987577e-05,12,12,1,47206,0.996157440894382,1032.6735419999977,129.42070799999783,7.979198676613754
apa,1162,9.458657121400155e-05,14,14,1,47825,0.9961070544162568,1004.9611250000225,112.48079200004213,8.934513236710194
aqa,8,6.511984248812499e-07,14,14,1,47825,0.9961070544162568,1019.8748750000277,59.868667000046116,17.035202654491073
arf,16,1.3023968497624998e-06,14,14,1,47825,0.9961070544162568,1006.0971250001103,60.24554199996146,16.699943126094773
aux,190,1.5465962590929686e-05,16,16,1,47872,0.9961032286255106,1058.0682080000088,170.3923750000058,6.209598334432352
av ,51,4.151389958617968e-06,16,16,1,47872,0.9961032286255106,1037.1916249999913,323.0680000000348,3.2104436991589376
ayç,1,8.139980311015624e-08,16,16,1,47872,0.9961032286255106,1183.80045899994,61.519583000062994,19.242660650003558
aíd,11,8.953978342117187e-07,16,16,1,47872,0.9961032286255106,1144.121250000012,56.36179100008576,20.299590018320586
b &,16,1.3023968497624998e-06,16,16,1,47872,0.9961032286255106,1016.1840839999741,56.87583399992491,17.866710912780913
b s,23,1.8721954715335935e-06,16,16,1,47872,0.9961032286255106,1020.656666999912,60.915875000091546,16.755183554342413
b&c,2,1.6279960622031248e-07,16,16,1,47872,0.9961032286255106,1022.6938750000727,60.23108399995181,16.97950305860162
b-h,3,2.441994093304687e-07,16,16,1,47872,0.9961032286255106,1031.3731669999697,60.01641699992888,17.18485072178154
b26,1,8.139980311015624e-08,16,16,1,47872,0.9961032286255106,1040.9175830000095,60.72470899994187,17.14158207001051
b7+,1,8.139980311015624e-08,16,16,1,47872,0.9961032286255106,1052.4622499999623,60.850749999985965,17.295797504553438
bab,8069,0.0006568150112958507,16,17,2,95304,0.9922422731643896,1052.261499999986,81.1945000000378,12.959763284452716
baú,8,6.511984248812499e-07,18,18,1,46657,0.9962021293862895,1150.7115409999642,59.512166999979854,19.33573585045817
bfe,1,8.139980311015624e-08,19,19,1,49991,0.9959307424427202,997.6564579999376,57.28183399992304,17.416629118426588
bgl,2,1.6279960622031248e-07,19,19,1,49991,0.9959307424427202,1019.5250000000442,61.35733300004631,16.616188320950567
bhs,5,4.0699901555078117e-07,20,20,1,48319,0.9960668429135203,1053.0968749999374,51.752665999970304,20.348649768120964
bis,1499,0.0001220183048621242,20,20,1,48319,0.9960668429135203,1058.546500000034,91.55095899996013,11.562374786270617
brz,28,2.279194487084375e-06,23,23,1,46881,0.9961838958303928,1023.7378340000305,215.2789169999778,4.755402192961311
buw,29,2.360594290194531e-06,24,24,1,48430,0.9960578075353751,1031.117375000008,119.41358299998228,8.634841607593007
buz,606,4.932828068475468e-05,24,24,1,48430,0.9960578075353751,1026.6860830000724,161.10383399995953,6.372822157667149
bxl,4,3.2559921244062496e-07,24,24,1,48430,0.9960578075353751,1048.2460000000628,61.48987500000658,17.047457000033756
byu,2408,0.00019601072588925622,24,24,1,48430,0.9960578075353751,1014.8202919999676,193.3238330000222,5.249328426050042
bäx,3,2.441994093304687e-07,24,24,1,48430,0.9960578075353751,1125.008792000017,60.69049999996423,18.53681864543347
böt,4,3.2559921244062496e-07,24,24,1,48430,0.9960578075353751,1128.45362500002,58.69804100007059,19.22472378590391
bø ,1,8.139980311015624e-08,24,24,1,48430,0.9960578075353751,1128.3543750000717,60.17270799998187,18.751929446160403
c k,4,3.2559921244062496e-07,24,24,1,48430,0.9960578075353751,1023.0763750000733,55.26095799996256,18.51354757550107
c*4,14,1.1395972435421874e-06,24,24,1,48430,0.9960578075353751,1043.3240840000053,51.972375000104876,20.07458931784241
cdf,3,2.441994093304687e-07,26,26,1,51212,0.9958313532831227,1038.8595409999652,59.59708299997146,17.431382354744823
cdm,5,4.0699901555078117e-07,26,26,1,51212,0.9958313532831227,1053.9657499998611,61.77154200008772,17.06231892346745
cdn,1,8.139980311015624e-08,26,26,1,51212,0.9958313532831227,1030.8457080000153,60.68129200002659,16.987866837106296
cex,4,3.2559921244062496e-07,26,26,1,51212,0.9958313532831227,1009.9623329999758,59.031708000020444,17.108810963078113
chá,53,4.3141895648382805e-06,28,28,1,47328,0.9961475101184025,1117.506958000149,202.96716600000764,5.505850921720546
cii,1,8.139980311015624e-08,28,28,1,47328,0.9961475101184025,1034.6121250001943,51.834915999961595,19.95975309385976
clà,3,2.441994093304687e-07,29,29,1,47461,0.9961366839445889,1157.5232079999296,52.00658300009309,22.257244010779516
cmd,5,4.0699901555078117e-07,29,29,1,47461,0.9961366839445889,1025.7944579998366,58.90612500002135,17.41405427702917
cp ,25,2.0349950777539057e-06,31,31,1,47407,0.9961410795339568,1001.5836249999666,58.87575000019751,17.011819382285687
crt,10,8.139980311015623e-07,31,31,1,47407,0.9961410795339568,1031.6049160001057,51.567250000061904,20.005040330808164
d r,4,3.2559921244062496e-07,32,32,1,49476,0.995972663341322,1010.7143329998962,59.80637499988006,16.899775868407392
d-y,1,8.139980311015624e-08,32,32,1,49476,0.995972663341322,997.8204999999889,59.57825000018602,16.748066618218452
daz,228,1.855915510911562e-05,34,34,1,48028,0.9960905302562254,1005.0343330001397,218.79829199997403,4.593428604096503
daß,1,8.139980311015624e-08,34,34,1,48028,0.9960905302562254,1139.1878340000403,60.10975000003782,18.95179790299117
deo,164,1.3349567710065622e-05,35,35,1,49616,0.9959612673688865,1030.935541999952,171.25700000019606,6.019815493666079
dfh,2,1.6279960622031248e-07,36,36,1,46607,0.996206199376445,1044.0102079999178,60.02529200009121,17.39283847212824
di ,421,3.426931710937577e-05,36,36,1,46607,0.996206199376445,1003.0865000001086,159.3405830001302,6.295235533305968
dnu,1,8.139980311015624e-08,38,38,1,46406,0.9962225607368701,1039.5282499998757,60.15104199991583,17.281965788744447
dry,436,3.549031415602812e-05,39,39,1,48727,0.9960336317938514,999.9090410001372,125.91362499983916,7.94122987882697
ds:,1,8.139980311015624e-08,39,39,1,48727,0.9960336317938514,1038.6489999998503,59.24500000014632,17.531420372981433
dsk,10,8.139980311015623e-07,39,39,1,48727,0.9960336317938514,1019.2355409999436,51.50054199998522,19.790773095169293
dtr,4,3.2559921244062496e-07,39,39,1,48727,0.9960336317938514,1005.7576249998874,56.12495799982753,17.919971093839894
déf,153,1.2454169875853904e-05,40,40,1,48952,0.9960153168381516,1160.6429580001532,233.16179199991893,4.977843702627559
díb,1,8.139980311015624e-08,40,40,1,48952,0.9960153168381516,1173.5612909999418,52.28720899981454,22.444519672184153
dôs,38,3.093192518185937e-06,40,40,1,48952,0.9960153168381516,1159.4343329998082,597.5982909999402,1.9401567080450774
döö,2,1.6279960622031248e-07,40,40,1,48952,0.9960153168381516,1239.6640829999797,60.4633749999266,20.502727196447182
dúh,1,8.139980311015624e-08,40,40,1,48952,0.9960153168381516,1140.7133329998942,61.52404199997363,18.540936127057176
dün,96,7.814381098574998e-06,40,40,1,48952,0.9960153168381516,1158.5552499998357,307.8950409999379,3.76282529993742
e u,5,4.0699901555078117e-07,40,40,1,48952,0.9960153168381516,1048.894209000082,59.42454199998792,17.65085894983078
e é,2,1.6279960622031248e-07,40,40,1,48952,0.9960153168381516,1143.3396249999532,60.332249999873966,18.950720800274176
e20,4,3.2559921244062496e-07,40,40,1,48952,0.9960153168381516,1057.6438749999397,59.71245799992175,17.712281664930384
e6-,1,8.139980311015624e-08,40,40,1,48952,0.9960153168381516,1054.9572920001538,59.68933300005119,17.674134371701708
ece,20,1.6279960622031247e-06,40,40,1,48952,0.9960153168381516,1018.1170420000853,54.79883299994981,18.57917379373787
edh,19,1.5465962590929685e-06,40,40,1,48952,0.9960153168381516,1047.9636249999658,60.45066699994095,17.335848833578453
edu,1117,9.092358007404451e-05,40,40,1,48952,0.9960153168381516,1044.8348749998786,112.32599999993909,9.301807907345095
eg-,4,3.2559921244062496e-07,41,41,1,47922,0.9960991586353551,1053.2887909998863,60.76000000007298,17.33523355823932
egé,17,1.383796652872656e-06,41,41,1,47922,0.9960991586353551,1173.8882079998803,59.905750000098124,19.595584864523982
elj,9,7.325982279914061e-07,42,42,1,47908,0.9961002982325986,1047.6624170000832,60.45166700005211,17.330579436282214
em&,1,8.139980311015624e-08,42,42,1,47908,0.9961002982325986,1032.4322499998289,58.898917000078654,17.528883425792873
eoe,7,5.697986217710937e-07,43,43,1,17218,0.9985984581900493,1064.1309999998612,55.45099999994818,19.190474472973538
erè,2,1.6279960622031248e-07,150,150,1,5175371,0.5787258195779876,1164.5664160000706,484.22116699998696,2.4050299643346693
esf,27,2.1977946839742186e-06,150,150,1,5175371,0.5787258195779876,1014.5025000001624,505.06545899997946,2.00865547608197
etg,2,1.6279960622031248e-07,151,151,1,47435,0.9961388003394698,1011.1869999998362,55.51362500000323,18.2151138571797
eu-,47,3.825790746177343e-06,151,151,1,47435,0.9961388003394698,1010.2346250000664,68.10700000005454,14.833051301617417
evi,2418,0.00019682472392035778,151,151,1,47435,0.9961388003394698,1062.1813749999092,83.4282499999972,12.73167512203534
ex!,2,1.6279960622031248e-07,151,151,1,47435,0.9961388003394698,1048.3337499999834,54.112124999846856,19.373361330809875
f@c,2,1.6279960622031248e-07,152,152,1,47198,0.9961580920928068,1040.2578330001688,58.03133299991714,17.92579593168494
fb3,2,1.6279960622031248e-07,153,153,1,47912,0.9960999726333862,1014.102874999935,57.42974999998296,17.658145386323916
fcc,7,5.697986217710937e-07,153,153,1,47912,0.9960999726333862,1031.6912910000156,50.22120800003904,20.542940564058387
fdt,1,8.139980311015624e-08,153,153,1,47912,0.9960999726333862,1033.7455830001545,58.46854199990048,17.680372173499965
fio,455,3.703691041512109e-05,154,154,1,49013,0.9960103514501619,1035.868624999921,160.3301669999837,6.4608466664918165
fið,1,8.139980311015624e-08,154,154,1,49013,0.9960103514501619,1135.1782500000809,57.04045899983612,19.901281825297765
fo-,1,8.139980311015624e-08,155,155,1,45682,0.9962814941943219,1008.0943329999172,56.93516599990289,17.706004984716063
foy,34,2.767593305745312e-06,156,156,1,46712,0.9961976523971183,1025.0907500001176,199.1331250001167,5.147766098681557
frb,1,8.139980311015624e-08,156,156,1,46712,0.9961976523971183,1034.1074580001077,52.04845799994473,19.868167045433044
fti,5,4.0699901555078117e-07,157,157,1,48233,0.9960738432965879,1003.2926250000855,55.45437499995387,18.09221770150543
fuy,115,9.360977357667967e-06,157,157,1,48233,0.9960738432965879,1009.9279589999242,157.61412500000915,6.407598043638954
fuß,242,1.969875235265781e-05,157,157,1,48233,0.9960738432965879,1123.6955000001672,258.1244999998944,4.3533081904299165
fóm,1,8.139980311015624e-08,157,157,1,48233,0.9960738432965879,1154.6600829999534,57.61637499995231,20.040484723325775
fúk,1,8.139980311015624e-08,157,157,1,48233,0.9960738432965879,1136.8604169999799,58.66975000003549,19.37728415408779
fûh,1,8.139980311015624e-08,157,157,1,48233,0.9960738432965879,1129.202290999956,58.733291999942594,19.22593221917579
g--,1,8.139980311015624e-08,157,157,1,48233,0.9960738432965879,1007.1372499999143,57.505708999997296,17.51369155365012
gbo,4,3.2559921244062496e-07,158,158,1,48998,0.9960115724472086,1011.9990829998642,50.15979099994183,20.175504379614296
gbr,1,8.139980311015624e-08,158,158,1,48998,0.9960115724472086,1009.9354170001789,58.43654199998127,17.282600620011063
geü,1,8.139980311015624e-08,158,158,1,48998,0.9960115724472086,1133.7432919999628,50.688499999978376,22.36687398523228
ggé,1,8.139980311015624e-08,158,158,1,48998,0.9960115724472086,1165.0672089999716,50.66420899993318,22.995862996726313
gil,1205,9.808676274773827e-05,159,159,1,49045,0.9960077466564624,1019.1531250000025,101.83595800003786,10.007792385078988
giù,20,1.6279960622031247e-06,159,159,1,49045,0.9960077466564624,1120.8294999998998,57.98745900005997,19.328825910422125
gmu,1,8.139980311015624e-08,159,159,1,49045,0.9960077466564624,1031.582791999881,58.275874999935695,17.701712621235107
go?,2,1.6279960622031248e-07,159,159,1,49045,0.9960077466564624,1032.714665999947,58.071750000181055,17.78342595146052
gtc,2,1.6279960622031248e-07,161,161,1,49114,0.9960021300700478,1036.7529590000686,57.72179199993843,17.961205345135063
guá,3,2.441994093304687e-07,161,161,1,49114,0.9960021300700478,1160.770791999994,56.58375000007254,20.514207559564465
gwm,1,8.139980311015624e-08,161,161,1,49114,0.9960021300700478,1040.1072079998812,58.107291999931476,17.899770789544068
h n,6,4.883988186609374e-07,161,161,1,49114,0.9960021300700478,1001.1429579999458,58.164583999996466,17.21224307217613
h3a,1,8.139980311015624e-08,161,161,1,49114,0.9960021300700478,1040.8405000000585,53.57041599995682,19.429389908058532
hc:,1,8.139980311015624e-08,162,162,1,47344,0.9961462077215527,1044.5742919998793,49.7184579999157,21.009788598062524
hea,12915,0.0010512784571676678,162,163,2,95373,0.9922366565779751,1006.1630830000468,75.22970799982431,13.374544574895818
hed,434,3.532751454980781e-05,163,163,1,48029,0.9960904488564223,1004.5115000000351,145.64283400000022,6.897088393652334
hes,323,2.6292136404580463e-05,163,163,1,48029,0.9960904488564223,1000.7399580001675,181.67587499988258,5.508381110044547
hie,293,2.3850142311275777e-05,164,164,1,46772,0.9961927684089318,1000.2511659999982,135.72170800011918,7.369868687469803
hkg,1,8.139980311015624e-08,164,164,1,46772,0.9961927684089318,1035.609499999964,56.749791999891386,18.248692435770447
hrm,2,1.6279960622031248e-07,166,166,1,49203,0.995994885487571,1030.238332999943,57.75387500011675,17.838427863028418
htm,10,8.139980311015623e-07,166,166,1,49203,0.995994885487571,1037.3909579998326,58.75654100009342,17.65575271012266
hvi,81,6.593384051922655e-06,166,166,1,49203,0.995994885487571,1025.8595830000559,277.93883399999686,3.690954474537615
i-a,1,8.139980311015624e-08,167,167,1,48925,0.9960175146328356,1037.4107500001628,59.07670900000994,17.560401849737232
ifp,7,5.697986217710937e-07,168,168,1,47917,0.9960995656343706,1009.5651660001295,58.11945899995408,17.370518985748426
ift,18,1.4651964559828122e-06,168,168,1,47917,0.9960995656343706,1033.8921249999657,52.66637499994431,19.630971848756612
ihk,2,1.6279960622031248e-07,168,168,1,47917,0.9960995656343706,1031.472666999889,58.52058300001772,17.625809828305652
ijo,12,9.767976373218748e-07,168,168,1,47917,0.9960995656343706,1016.512541000111,57.70233300017935,17.616489458007727
ilé,1,8.139980311015624e-08,168,168,1,47917,0.9960995656343706,1134.1675420001138,58.53129100000842,19.377114747049585
ipd,7,5.697986217710937e-07,170,170,1,47083,0.9961674530701645,1043.1877500000155,57.54066699978466,18.129573471991897
irt,37,3.0117927150757807e-06,170,170,1,47083,0.9961674530701645,999.802291999913,481.82729199993446,2.0750221263930584
itt,157,1.2779769088294529e-05,171,171,1,46958,0.9961776280455533,1026.2362920000214,190.562208999836,5.385308542476565
ixl,1,8.139980311015624e-08,171,171,1,46958,0.9961776280455533,1043.414791000032,57.28166699987014,18.21551022602742
"j, ",4,3.2559921244062496e-07,171,171,1,46958,0.9961776280455533,1035.605915999895,57.05183399982161,18.15201797023971
j1 ,1,8.139980311015624e-08,171,171,1,46958,0.9961776280455533,1034.670042000016,58.57495800000834,17.664033869215388
je ,2364,0.00019242913455240935,172,172,1,46362,0.9962261423282069,1042.0508750000863,85.28229200010173,12.218842277349244
je4,1,8.139980311015624e-08,172,172,1,46362,0.9962261423282069,976.6849999998612,57.059707999997045,17.11689446430241
jgm,1,8.139980311015624e-08,172,172,1,46362,0.9962261423282069,1026.508917000001,58.37599999995291,17.584433962601565
jih,91,7.4073820830242174e-06,172,172,1,46362,0.9962261423282069,1025.3546659998847,381.9687079999312,2.684394413795984
jlm,1,8.139980311015624e-08,172,172,1,46362,0.9962261423282069,1010.488124999938,53.23258399994302,18.98251125665851
js ,8,6.511984248812499e-07,173,173,1,46086,0.9962486086738653,1036.669750000101,56.938250000030166,18.20691275196466
juy,7,5.697986217710937e-07,174,174,1,49375,0.9959808847214361,993.9413750000767,57.79037499996775,17.199081594480592
jw-,1,8.139980311015624e-08,174,174,1,49375,0.9959808847214361,1040.9133339999244,56.5515000000687,18.406467273169763
jyr,14,1.1395972435421874e-06,174,174,1,49375,0.9959808847214361,1017.3915410000518,53.41679200000726,19.046286811830885
jéj,1,8.139980311015624e-08,174,174,1,49375,0.9959808847214361,1130.1648329999807,50.24170799993044,22.49455438500509
k c,31,2.5233938964148434e-06,174,174,1,49375,0.9959808847214361,997.6793750001889,56.90866700024344,17.531237816480942
k g,3,2.441994093304687e-07,174,174,1,49375,0.9959808847214361,1010.7979580002393,57.078625000031025,17.708870141838382
k p,25,2.0349950777539057e-06,174,174,1,49375,0.9959808847214361,1044.817666000199,57.44716699973651,18.18745328216083
k v,7,5.697986217710937e-07,174,174,1,49375,0.9959808847214361,1001.9824579999295,50.03191699961462,20.026865211014147
k-l,6,4.883988186609374e-07,174,174,1,49375,0.9959808847214361,1026.8414160000248,57.95850000004066,17.716839048617622
k.c,30,2.4419940933046872e-06,174,174,1,49375,0.9959808847214361,1011.7970410001362,111.9585830001597,9.037244076219622
k9:,5,4.0699901555078117e-07,174,174,1,49375,0.9959808847214361,1004.1028330001609,56.86637500002689,17.657232995767465
kdd,3,2.441994093304687e-07,175,175,1,48178,0.9960783202857589,1030.8058749997144,57.440542000222194,17.94561539819257
keu,63,5.128187595939843e-06,175,175,1,48178,0.9960783202857589,1033.071000000291,163.8904999999795,6.303422101954782
kh.,1,8.139980311015624e-08,175,175,1,48178,0.9960783202857589,1030.850499999815,58.09537499999351,17.744106135814256
klü,7,5.697986217710937e-07,176,176,1,47709,0.9961164967934175,1156.4601249997395,49.93341599993073,23.16004426777739
kop,437,3.557171395913828e-05,176,176,1,47709,0.9961164967934175,1037.7683750002689,114.43624999992608,9.068528329099733
kte,8,6.511984248812499e-07,177,177,1,49021,0.9960097002517371,1043.709334000141,50.3977080002187,20.709460319021094
kuo,148,1.2047170860303123e-05,177,177,1,49021,0.9960097002517371,1028.6166249998132,257.0096670001476,4.0022487753319504
ky3,1,8.139980311015624e-08,177,177,1,49021,0.9960097002517371,1024.278041999878,50.17720899968481,20.413212739798105
kyb,9,7.325982279914061e-07,177,177,1,49021,0.9960097002517371,1028.112959000282,58.69679099987479,17.515658718080093
kís,13,1.0581974404320312e-06,177,177,1,49021,0.9960097002517371,1157.7678329999799,51.451917000122194,22.501937741158027
kör,104,8.46557952345625e-06,177,177,1,49021,0.9960097002517371,1147.3382079998373,369.513999999981,3.1049925253167574
l-2,1,8.139980311015624e-08,177,177,1,49021,0.9960097002517371,1023.3519170001273,52.57695900036197,19.463885634638586
l.q,1,8.139980311015624e-08,178,178,1,46800,0.9961904892144446,1029.9122080000416,53.45112499981042,19.268298057406547
l36,2,1.6279960622031248e-07,178,178,1,46800,0.9961904892144446,1026.8084170002112,53.3076249998885,19.2619426771003
l8r,1,8.139980311015624e-08,178,178,1,46800,0.9961904892144446,1027.7179999998225,51.94191700002193,19.785908171224957
lbr,9,7.325982279914061e-07,180,180,1,48331,0.996065866115883,1033.8738340001328,49.7527910001736,20.780217817258237
lij,71,5.779386020821093e-06,182,182,1,48853,0.9960233754186595,1011.6057089999231,214.93379200001073,4.706592200261709
lts,1,8.139980311015624e-08,184,184,1,47718,0.9961157641951895,1020.0339169996369,49.40887499969904,20.644750907723566
lu-,2,1.6279960622031248e-07,184,184,1,47718,0.9961157641951895,1018.6628329997802,56.95049999985713,17.88681105525563
lyæ,1,8.139980311015624e-08,185,185,1,46265,0.9962340381091086,1136.195042000054,49.852457999804756,22.791153888630802
lás,114,9.27957755455781e-06,185,185,1,46265,0.9962340381091086,1160.5299170000762,249.29145800024344,4.6553136088559555
lél,13,1.0581974404320312e-06,185,185,1,46265,0.9962340381091086,1160.4924580001352,57.908750000024156,20.040019133544604
lóf,2,1.6279960622031248e-07,185,185,1,46265,0.9962340381091086,1159.6445420000236,58.162584000001516,19.937981813187555
lõp,7,5.697986217710937e-07,185,185,1,46265,0.9962340381091086,1125.1291660000788,57.7604169998267,19.4792424369695
m l,6,4.883988186609374e-07,185,185,1,46265,0.9962340381091086,1041.5892500000155,57.44383299997935,18.132307605594317
m.p,17,1.383796652872656e-06,185,185,1,46265,0.9962340381091086,1040.4389999998784,49.772124999890366,20.90405020887033
m1-,1,8.139980311015624e-08,185,185,1,46265,0.9962340381091086,1021.4875419997043,57.42845799977658,17.787131634348917
m29,1,8.139980311015624e-08,185,185,1,46265,0.9962340381091086,1010.8792500000163,58.7298750001537,17.212351465031567
m2s,1,8.139980311015624e-08,185,185,1,46265,0.9962340381091086,1017.2046669999872,57.433459000094444,17.71101174662516
maî,71,5.779386020821093e-06,188,188,1,48269,0.9960709129036759,1143.9586659998895,425.36791700013055,2.6893393231618323
mck,162,1.318676810384531e-05,188,188,1,48269,0.9960709129036759,1009.0380830001777,200.97774999976536,5.020645733178701
mdi,4,3.2559921244062496e-07,188,188,1,48269,0.9960709129036759,1021.5936660001717,58.43162499968457,17.48357445143253
mfb,9,7.325982279914061e-07,189,189,1,46957,0.9961777094453564,999.3868340002336,57.62387499999022,17.343277139907777
mjf,2,1.6279960622031248e-07,190,190,1,46463,0.9962179209480928,1030.5268329998398,58.11129099993195,17.733676455424927
mpc,2,1.6279960622031248e-07,192,192,1,46721,0.9961969197988904,1017.9549170002247,52.03620800011777,19.562434622406016
mpo,9,7.325982279914061e-07,192,192,1,46721,0.9961969197988904,1042.5836249996792,49.28845799986448,21.152693090998014
mrs,1244,0.00010126135506903436,192,192,1,46721,0.9961969197988904,993.2359169997653,87.63833300008628,11.333350179068189
mtl,20,1.6279960622031247e-06,192,192,1,46721,0.9961969197988904,1041.090875000009,55.95779200029938,18.604931284537443
mtv,1427,0.00011615751903819295,192,192,1,46721,0.9961969197988904,989.4343750002008,99.44187499968393,9.949876498239254
mue,382,3.109472478807968e-05,192,192,1,46721,0.9961969197988904,988.9627500001552,133.4617090001302,7.410086064454564
mwi,4,3.2559921244062496e-07,192,192,1,46721,0.9961969197988904,984.098874999745,54.86258400014776,17.937523230715755
mép,23,1.8721954715335935e-06,193,193,1,47112,0.9961650924758744,1130.804334000004,59.03824999995777,19.153757674064067
mör,260,2.116394880864062e-05,193,193,1,47112,0.9961650924758744,1158.206667000286,199.42612500017276,5.8076977978651625
n-b,1,8.139980311015624e-08,193,193,1,47112,0.9961650924758744,990.138707999904,55.474874999617896,17.84841710786593
n-m,4,3.2559921244062496e-07,193,193,1,47112,0.9961650924758744,1041.5649169999597,56.424959000196395,18.459294175053532
n.1,1,8.139980311015624e-08,193,193,1,47112,0.9961650924758744,997.6193749998856,50.714957999844046,19.671107190958402
nek,496,4.0374302342637495e-05,194,194,1,49832,0.9959436850114147,1023.9713329997358,135.11512500008394,7.578510052069298
neô,1,8.139980311015624e-08,195,195,1,49539,0.9959675351537259,1145.483334000346,58.889832999739156,19.451291940417285
ni ,451,3.671131120268046e-05,195,195,1,49539,0.9959675351537259,1045.9434589997727,149.54949999992095,6.993961591314752
nix,158,1.2861168891404686e-05,195,195,1,49539,0.9959675351537259,1023.5478340000554,275.48908300013863,3.7153843733239342
nms,1,8.139980311015624e-08,195,195,1,49539,0.9959675351537259,1012.590917000125,57.39925000034418,17.641187245374343
noë,161,1.3105368300735154e-05,197,197,1,50699,0.9958731113821182,1170.3945839999506,236.25283299998046,4.953991743244186
nuh,44,3.5815913368468746e-06,197,197,1,50699,0.9958731113821182,1001.9481660001475,239.2985419996876,4.18702160751759
nuz,18,1.4651964559828122e-06,197,197,1,50699,0.9958731113821182,1030.9936670000752,57.19945800001369,18.024535599617543
nvb,1,8.139980311015624e-08,197,197,1,50699,0.9958731113821182,1015.9167910001088,49.75270799968712,20.419326542115005
nx ,8,6.511984248812499e-07,197,197,1,50699,0.9958731113821182,1027.7176669997061,57.17858299976797,17.973821894185043
nyn,19,1.5465962590929685e-06,197,197,1,50699,0.9958731113821182,1042.6628330001222,58.53012499983379,17.814122778707258
não,393,3.19901226222914e-05,197,197,1,50699,0.9958731113821182,1148.6332079998647,160.8513750002203,7.140959833251607
næv,1,8.139980311015624e-08,197,197,1,50699,0.9958731113821182,1170.936999999867,51.1145000000397,22.908118048674208
nûr,1,8.139980311015624e-08,197,197,1,50699,0.9958731113821182,1138.6754159998418,56.653417000234185,20.098971541207035
o&0,1,8.139980311015624e-08,197,197,1,50699,0.9958731113821182,1040.6677080000009,49.64612499998111,20.961710667255435
o-f,3,2.441994093304687e-07,197,197,1,50699,0.9958731113821182,1024.6208749999823,57.79716699998971,17.72787366896659
o..,4,3.2559921244062496e-07,197,197,1,50699,0.9958731113821182,1016.9040830000995,58.925416999954905,17.257477923336168
oc ,32,2.6047936995249996e-06,197,197,1,50699,0.9958731113821182,1042.147500000283,169.66825000008612,6.142265862939907
ocx,1,8.139980311015624e-08,197,197,1,50699,0.9958731113821182,1032.7775840000868,58.2967909999752,17.715856504014535
olp,4,3.2559921244062496e-07,198,198,1,46103,0.9962472248772125,1021.9297080002434,57.431958000051964,17.79374661054249
om6,1,8.139980311015624e-08,198,198,1,46103,0.9962472248772125,988.5355840001466,57.21808299995246,17.276628858764248
oqe,1,8.139980311015624e-08,199,199,1,47795,0.9961094964103501,1040.2877499996066,57.324916000197845,18.147218043826115
or1,1,8.139980311015624e-08,199,199,1,47795,0.9961094964103501,1030.2638329999354,53.69295799982865,19.188062483039644
orç,2,1.6279960622031248e-07,199,199,1,47795,0.9961094964103501,1157.665416999862,57.80033400014872,20.02869770608736
otd,25,2.0349950777539057e-06,199,199,1,47795,0.9961094964103501,1016.3134169997647,72.12791700021626,14.09043071348806
ouï,1,8.139980311015624e-08,200,200,1,47014,0.9961730696565791,1153.1947079997735,57.425625000178115,20.08153516824931
ovw,289,2.352454309883515e-05,200,200,1,47014,0.9961730696565791,1013.926750000337,284.5854590000272,3.562819947171792
oíd,11,8.953978342117187e-07,200,200,1,47014,0.9961730696565791,1163.1636249999247,56.85020800001439,20.460147217045016
p&t,5,4.0699901555078117e-07,200,200,1,47014,0.9961730696565791,1018.272750000051,65.3981250002289,15.570366122828245
p*t,3,2.441994093304687e-07,200,200,1,47014,0.9961730696565791,1012.8297500000372,53.07845899960739,19.08174745629915
p.i,59,4.802588383499218e-06,200,200,1,47014,0.9961730696565791,1063.9091250000092,276.22229100006734,3.8516410864167
p35,1,8.139980311015624e-08,200,200,1,47014,0.9961730696565791,1020.1311670002724,55.97370799978307,18.225184706437993
p3a,8,6.511984248812499e-07,200,200,1,47014,0.9961730696565791,1032.5849999999264,56.02791600040291,18.42983058646159
pbl,2,1.6279960622031248e-07,202,202,1,47528,0.9961312301577805,1025.771249999707,59.606957999676524,17.208917958961663
pea,2758,0.0002245006569778109,202,202,1,47528,0.9961312301577805,1039.609083000414,80.04383299976325,12.98799725149955
piy,138,1.1233172829201562e-05,203,203,1,47986,0.996093949047956,1040.0617079999392,221.80245900017326,4.689135155165826
piè,98,7.977180704795311e-06,203,203,1,47986,0.996093949047956,1163.3081670001957,352.98720800028605,3.2956099842554436
pjo,4,3.2559921244062496e-07,203,203,1,47986,0.996093949047956,1035.032291999869,58.21375000004991,17.779859431817766
pka,6,4.883988186609374e-07,203,203,1,47986,0.996093949047956,1002.2596670000894,55.9682499997507,17.907647049971256
plâ,1,8.139980311015624e-08,204,204,1,47642,0.9961219505802259,1164.3624579996867,57.112749999760126,20.38708446020507
poj,95,7.732981295464843e-06,204,204,1,47642,0.9961219505802259,1031.4804169997842,254.8381659998995,4.047590018365581
prp,2,1.6279960622031248e-07,206,206,1,47303,0.9961495451134803,1042.7957910001169,56.785332999879756,18.36382276744463
pry,95,7.732981295464843e-06,206,206,1,47303,0.9961495451134803,1047.0705410002665,243.18499999981213,4.3056543002285315
prz,424,3.4513516518706244e-05,206,206,1,47303,0.9961495451134803,999.2940839997573,165.6966669997928,6.0308641211292855
ptk,1,8.139980311015624e-08,206,206,1,47303,0.9961495451134803,1024.6478750000279,49.28233300006468,20.79138329345494
pur,3466,0.00028213171757980154,206,206,1,47303,0.9961495451134803,1001.2457499997254,79.87262500000725,12.535530790425813
puv,2,1.6279960622031248e-07,206,206,1,47303,0.9961495451134803,1040.5665000002955,58.00041599968608,17.94067304630931
puy,30,2.4419940933046872e-06,206,206,1,47303,0.9961495451134803,1036.6259160000482,205.3041670001221,5.049220048219633
pve,2,1.6279960622031248e-07,206,206,1,47303,0.9961495451134803,1002.5181670002894,53.230250000069645,18.83361748252127
pág,32,2.6047936995249996e-06,207,207,1,46245,0.9962356661051708,1148.1580419999773,445.86437499992826,2.575128461429918
pái,3,2.441994093304687e-07,207,207,1,46245,0.9962356661051708,1139.9521670000468,59.56308300028468,19.13856888493496
påf,3,2.441994093304687e-07,207,207,1,46245,0.9962356661051708,1175.1711249999062,57.75804099994275,20.346450548782826
pål,9,7.325982279914061e-07,207,207,1,46245,0.9962356661051708,1143.7875409997105,52.06941599999482,21.966590541361636
püf,1,8.139980311015624e-08,207,207,1,46245,0.9962356661051708,1177.5903749999088,49.6560420001515,23.71494641067679
q-k,1,8.139980311015624e-08,207,207,1,46245,0.9962356661051708,1040.4129579997061,58.231834000253,17.86673862951295
q-p,4,3.2559921244062496e-07,207,207,1,46245,0.9962356661051708,999.5427090002522,57.510999999976775,17.380026586229693
qi:,2,1.6279960622031248e-07,207,207,1,46245,0.9962356661051708,1028.968832999908,49.31141699989894,20.86674639672222
qiy,12,9.767976373218748e-07,207,207,1,46245,0.9962356661051708,1016.3834999998471,58.276499999919906,17.440709376871364
qli,4,3.2559921244062496e-07,207,207,1,46245,0.9962356661051708,999.8664170002485,57.32345800015537,17.442534904254003
qz ,1,8.139980311015624e-08,207,207,1,46245,0.9962356661051708,993.7635830001454,53.67137499979435,18.51570940755576
r l,1,8.139980311015624e-08,207,207,1,46245,0.9962356661051708,1047.9947920002814,49.464624999927764,21.18675299775975
r-m,8,6.511984248812499e-07,207,207,1,46245,0.9962356661051708,1049.676499999805,58.34170800017091,17.99187126980804
r-r,9,7.325982279914061e-07,207,207,1,46245,0.9962356661051708,1011.5533749999486,58.32362499995725,17.343801504119302
r0b,1,8.139980311015624e-08,207,207,1,46245,0.9962356661051708,1009.3024590000823,49.2380000000594,20.49844548923321
r20,15,1.2209970466523436e-06,207,207,1,46245,0.9962356661051708,1004.5292919999156,56.47679200001221,17.786585541184746
r3 ,3,2.441994093304687e-07,207,207,1,46245,0.9962356661051708,996.0122080001383,58.5113340002863,17.022551699047998
r3h,2,1.6279960622031248e-07,207,207,1,46245,0.9962356661051708,1047.573249999914,60.58891699967717,17.28984939614444
rc/,1,8.139980311015624e-08,208,208,1,49083,0.9960046534639442,1000.5951670000286,49.488374999782536,20.21879213056451
"re,",2,1.6279960622031248e-07,208,208,1,49083,0.9960046534639442,1032.8213749999122,57.6967090000835,17.900871521084806
res,8013,0.000652256622321682,209,209,1,47308,0.9961491381144647,1046.6525000001639,72.01725000004444,14.533358327338492
rh ,9,7.325982279914061e-07,210,210,1,47943,0.9960974492394897,1009.472249999817,57.29520800014143,17.618790213613067
rho,308,2.5071139357928122e-05,210,210,1,47943,0.9960974492394897,1013.8325829998394,178.17916600006356,5.68996143465773
"rk,",1,8.139980311015624e-08,210,210,1,47943,0.9960974492394897,1035.2139579999857,49.22391699983564,21.03071070113015
rok,354,2.8815530300995307e-05,211,211,1,47519,0.9961319627560085,1011.6118750001988,137.85150000012436,7.3384176087984985
rr/,1,8.139980311015624e-08,211,211,1,47519,0.9961319627560085,1006.8781250001848,57.22737499991126,17.594344053029623
rrc,1,8.139980311015624e-08,211,211,1,47519,0.9961319627560085,990.7746250000855,56.87308300002769,17.420800363497143
rum,1404,0.00011428532356665935,211,211,1,47519,0.9961319627560085,1038.6038329997973,94.25162499974249,11.019479324654986
ruu,80,6.511984248812499e-06,212,212,1,48842,0.9960242708164937,1017.3288749997482,159.7877909998715,6.366749728710914
rv:,2,1.6279960622031248e-07,212,212,1,48842,0.9960242708164937,1002.9432500000439,57.233666999763955,17.523658758474802
ryc,28,2.279194487084375e-06,212,212,1,48842,0.9960242708164937,1024.2715409999619,106.9115000000238,9.580555328470124
ryk,30,2.4419940933046872e-06,212,212,1,48842,0.9960242708164937,1019.1996250000557,381.77204099974915,2.6696549656466995
rég,85,6.91898326436328e-06,212,212,1,48842,0.9960242708164937,1175.7736250001471,239.22020899999552,4.915026326225512
ríj,1,8.139980311015624e-08,212,212,1,48842,0.9960242708164937,1143.2524580000063,52.23470800001451,21.886835435161018
röd,29,2.360594290194531e-06,212,212,1,48842,0.9960242708164937,1151.805792000232,351.9271659997685,3.2728527470396807
rør,18,1.4651964559828122e-06,212,212,1,48842,0.9960242708164937,1162.486374999844,50.293583999973634,23.114009433100918
s&c,1,8.139980311015624e-08,212,212,1,48842,0.9960242708164937,1036.3383339999928,58.41445799978828,17.741127273726462
s-t,6,4.883988186609374e-07,212,212,1,48842,0.9960242708164937,1004.4209160000719,57.91675000000396,17.342494459720257
s/k,1,8.139980311015624e-08,212,212,1,48842,0.9960242708164937,1019.9021250000442,56.90079199985121,17.924216678789133
sbj,1,8.139980311015624e-08,213,213,1,48458,0.9960555283408881,989.9517919998289,54.862792000221816,18.044138037958884
sd1,2,1.6279960622031248e-07,214,214,1,47106,0.996165580874693,1028.8789170003838,54.35704199999236,18.928162371317562
sdv,2,1.6279960622031248e-07,214,214,1,47106,0.996165580874693,1041.3973750000878,55.508957999791164,18.760888557915386
sej,84,6.8375834612531235e-06,215,215,1,47800,0.9961090894113346,1042.6143329996194,255.54612500036455,4.0799457749481896
slw,1,8.139980311015624e-08,218,218,1,46220,0.9962377011002486,1006.9966670002941,51.36450000009063,19.604915204051775
smu,455,3.703691041512109e-05,218,218,1,46220,0.9962377011002486,1039.515666999705,135.03720900007465,7.697994313546056
sn ,3,2.441994093304687e-07,218,218,1,46220,0.9962377011002486,1015.2434589999757,56.47295900007521,17.977514849162123
sn*,2,1.6279960622031248e-07,218,218,1,46220,0.9962377011002486,1035.5025419999038,58.45570800011046,17.714310157665818
sow,111,9.035378145227343e-06,220,220,1,48991,0.9960121422458303,1003.5304170000927,160.29120799976226,6.260670373147235
soñ,86,7.000383067473437e-06,220,220,1,48991,0.9960121422458303,1167.3744579998129,440.3080840002076,2.651267374866691
spø,45,3.662991139957031e-06,220,220,1,48991,0.9960121422458303,1155.1027080004133,257.94966600005864,4.478015908732173
ssb,6,4.883988186609374e-07,220,220,1,48991,0.9960121422458303,1035.8517080003367,57.20400000018344,18.10802929859826
"st,",1,8.139980311015624e-08,221,221,1,46088,0.9962484458742591,1013.7049999998453,56.97241699999722,17.792908452521765
sts,24,1.9535952746437495e-06,222,222,1,49185,0.9959963506840269,1005.3850419999435,52.578292000362126,19.12167557654819
stú,5,4.0699901555078117e-07,222,222,1,49185,0.9959963506840269,1136.8566249998366,54.892874999950436,20.710458779957566
"sì,",6,4.883988186609374e-07,224,224,1,48392,0.9960609007278933,1169.9602919998142,56.97533300008217,20.53450555520451
sûm,3,2.441994093304687e-07,224,224,1,48392,0.9960609007278933,1118.9364169999862,59.18104199963636,18.907007703697776
t o,7,5.697986217710937e-07,224,224,1,48392,0.9960609007278933,1044.6050420000574,57.801957999799924,18.07213939022054
t(h,1,8.139980311015624e-08,224,224,1,48392,0.9960609007278933,1026.1027090000425,57.356708000043,17.889846624378674
ten,5842,0.0004755376497695327,225,226,2,96090,0.992178292919145,1046.5539589999935,78.97954200007007,13.25094996118191
th3,7,5.697986217710937e-07,226,226,1,48639,0.9960407949765251,1054.4933330002095,57.66562500002692,18.286341871777463
tji,17,1.383796652872656e-06,241,241,1,40168,0.9967303327086713,1031.462165999983,50.47983299982661,20.4331532951689
tkh,1,8.139980311015624e-08,241,241,1,40168,0.9967303327086713,1047.7492920003897,48.13008400014951,21.76911413653745
tmd,1,8.139980311015624e-08,241,241,1,40168,0.9967303327086713,1004.7579160000168,56.048125000415894,17.926699885010628
tr1,1,8.139980311015624e-08,242,242,1,55205,0.9955063238693038,1059.8485000000437,56.746041999758745,18.677047114661313
trb,5,4.0699901555078117e-07,243,243,1,46956,0.9961777908451594,1034.6775420002814,58.226791999913985,17.769784431912544
trô,1,8.139980311015624e-08,243,243,1,46956,0.9961777908451594,1138.3178340001905,57.659500000227126,19.742069112560923
ttc,4,3.2559921244062496e-07,243,243,1,46956,0.9961777908451594,1010.125207999863,56.80358400013574,17.782772439102594
tv5,5,4.0699901555078117e-07,244,244,1,48232,0.996073924696391,1027.6258750000125,57.836666999719455,17.767722939584278
txx,1,8.139980311015624e-08,244,244,1,48232,0.996073924696391,1010.2113750003809,57.13554199974169,17.680962490999878
tza,44,3.5815913368468746e-06,244,244,1,48232,0.996073924696391,1045.9094170000753,326.4653749997706,3.2037376613088306
táu,1,8.139980311015624e-08,244,244,1,48232,0.996073924696391,1141.1532080001052,49.41658300003837,23.09251548208461
tæl,4,3.2559921244062496e-07,244,244,1,48232,0.996073924696391,1160.1788330003728,56.51270799990016,20.52952113005136
tô ,31,2.5233938964148434e-06,244,244,1,48232,0.996073924696391,1155.885833999946,155.35029200009376,7.440512786414643
tôô,1,8.139980311015624e-08,244,244,1,48232,0.996073924696391,1222.8312920001372,57.70024999992529,21.192824849142255
týt,3,2.441994093304687e-07,244,244,1,48232,0.996073924696391,1131.3778749999983,56.44229200015616,20.044860598447492
uai,1,8.139980311015624e-08,244,244,1,48232,0.996073924696391,1012.2459160002109,52.27445800028363,19.364063344180796
ucj,2,1.6279960622031248e-07,244,244,1,48232,0.996073924696391,1037.0459589998973,49.26441600036924,21.050609003304224
ucp,1,8.139980311015624e-08,244,244,1,48232,0.996073924696391,998.6025409998547,57.07345799964969,17.496794061540548
ucz,20,1.6279960622031247e-06,244,244,1,48232,0.996073924696391,1068.26004200002,57.76416600019729,18.493472960318883
uh-,31,2.5233938964148434e-06,244,244,1,48232,0.996073924696391,986.6058749998956,296.5417919999709,3.327038217264137
uik,10,8.139980311015623e-07,244,244,1,48232,0.996073924696391,963.6084160001701,54.17208400012896,17.787914823396424
uit,236,1.921035353399687e-05,244,244,1,48232,0.996073924696391,994.848667000042,199.40645799988488,4.989049386758659
ujj,12,9.767976373218748e-07,244,244,1,48232,0.996073924696391,1003.6906250002176,56.840666999960376,17.657967050262044
ult,2872,0.0002337802345323687,244,244,1,48232,0.996073924696391,1021.4727499997025,84.24520900007337,12.12499514362666
umu,87,7.081782870583593e-06,244,244,1,48232,0.996073924696391,986.5671669999756,262.75075000012293,3.7547644183680315
unu,344,2.8001532269893747e-05,246,246,1,48507,0.9960515397505356,1010.5890419999923,159.3417919998501,6.3422723525096485
ura,445,3.6222912384019525e-05,246,246,1,48507,0.9960515397505356,993.8310000002275,141.1760839996532,7.039655526942289
usz,5,4.0699901555078117e-07,246,246,1,48507,0.9960515397505356,1011.8374999997286,57.69937500008382,17.53636846149995
"uy,",1,8.139980311015624e-08,246,246,1,48507,0.9960515397505356,1012.3995830003878,56.40124999990803,17.949949389455707
uzs,1,8.139980311015624e-08,246,246,1,48507,0.9960515397505356,1034.5269170002211,54.563583000344806,18.960025352324894
"v, ",2,1.6279960622031248e-07,246,246,1,48507,0.9960515397505356,1013.4804579997763,49.64674999973795,20.413832889466597
vei,417,3.394371789693515e-05,247,247,1,48249,0.9960725408997381,1031.5684160000274,137.1629169998414,7.520752974371493
ven,4286,0.00034887955613012965,247,247,1,48249,0.9960725408997381,998.2820830000492,71.75779200042598,13.911828320945592
vur,46,3.744390943067187e-06,248,248,1,45892,0.9962644002356688,1036.6715000000113,141.67312500012486,7.317347591500488
vvs,2,1.6279960622031248e-07,248,248,1,45892,0.9962644002356688,1036.851666000075,57.33874999987165,18.082913666628517
vät,95,7.732981295464843e-06,248,248,1,45892,0.9962644002356688,1146.652708000147,217.68370800009507,5.267517346771979
våg,27,2.1977946839742186e-06,248,248,1,45892,0.9962644002356688,1155.1499160000276,195.41579199994885,5.911241380125154
vüc,1,8.139980311015624e-08,248,248,1,45892,0.9962644002356688,1154.939750000267,54.396208000071056,21.23199010487566
w/l,8,6.511984248812499e-07,248,248,1,45892,0.9962644002356688,1003.9588330000697,56.58629099980317,17.74208585262395
w27,1,8.139980311015624e-08,248,248,1,45892,0.9962644002356688,1019.5248340000944,53.36216700015939,19.105761465741246
wci,1,8.139980311015624e-08,249,249,1,48086,0.996085809067645,1019.903042000351,56.366999999681866,18.093974169391796
wdb,1,8.139980311015624e-08,249,249,1,48086,0.996085809067645,1040.6701250003607,58.16050000021278,17.89307390748968
wdy,1,8.139980311015624e-08,249,249,1,48086,0.996085809067645,1030.0180410004032,57.425916000283905,17.93646689058144
wdz,1,8.139980311015624e-08,249,249,1,48086,0.996085809067645,1015.7890420000513,52.89166600005046,19.205086903465702
wgt,2,1.6279960622031248e-07,250,250,1,48925,0.9960175146328356,1039.8752500000228,48.87754199990013,21.275113425346706
wi ,8,6.511984248812499e-07,251,251,1,48620,0.9960423415727842,1045.0228330000755,57.89204199982123,18.05123462397997
wmu,1,8.139980311015624e-08,252,252,1,47419,0.9961401027363195,1012.551583000004,57.155666000198835,17.715681643819558
woe,114,9.27957755455781e-06,252,252,1,47419,0.9961401027363195,1006.9062500001564,254.48450000021694,3.9566506015073535
wpr,4,3.2559921244062496e-07,253,253,1,48680,0.9960374575845976,1036.6675000000214,57.56366700006765,18.009059429775434
wuu,1,8.139980311015624e-08,253,253,1,48680,0.9960374575845976,1021.7687499998647,48.861708000004,20.91144153208441
wòk,2,1.6279960622031248e-07,253,253,1,48680,0.9960374575845976,1156.3588340000024,57.42612500034738,20.136459390094792
x-2,8,6.511984248812499e-07,253,253,1,48680,0.9960374575845976,1027.8550839998388,48.66604199969515,21.120581041011665
x/y,1,8.139980311015624e-08,253,253,1,48680,0.9960374575845976,996.9058330002554,56.6863750000266,17.58633945105482
xas,3,2.441994093304687e-07,253,253,1,48680,0.9960374575845976,1012.8902080000444,56.428875000165135,17.94985648742918
xbu,3,2.441994093304687e-07,253,253,1,48680,0.9960374575845976,1030.3499999999985,54.753583000092476,18.81794658074264
xcc,2,1.6279960622031248e-07,253,253,1,48680,0.9960374575845976,1005.923416999849,48.66595799967399,20.66996024215916
xha,5,4.0699901555078117e-07,253,253,1,48680,0.9960374575845976,1005.6600829998388,58.0944170001203,17.31078707611019
xhr,1,8.139980311015624e-08,253,253,1,48680,0.9960374575845976,1008.0348749997938,53.189416999885,18.951794019512818
xt ,2,1.6279960622031248e-07,253,253,1,48680,0.9960374575845976,1008.1903750001402,58.41250000003129,17.259839503524077
xúl,1,8.139980311015624e-08,253,253,1,48680,0.9960374575845976,1144.0785830000095,56.55433299989454,20.22972462608909
y j,3,2.441994093304687e-07,253,253,1,48680,0.9960374575845976,996.3314999999966,57.63070800003334,17.288205100645655
y/p,1,8.139980311015624e-08,253,253,1,48680,0.9960374575845976,1032.920125000146,56.447375000061584,18.29881593252156
yly,10,8.139980311015623e-07,253,253,1,48680,0.9960374575845976,1035.3184579998924,48.67566600023565,21.269733792545956
ype,15,1.2209970466523436e-06,254,254,1,46074,0.9962495854715027,1035.6030419998206,57.35516599997936,18.055968001211838
yuû,1,8.139980311015624e-08,254,254,1,46074,0.9962495854715027,1144.361458000276,48.88770800016573,23.407958867623666
yvr,2,1.6279960622031248e-07,254,254,1,46074,0.9962495854715027,1004.8224580000351,56.095459000061965,17.91272370191186
yw ,2,1.6279960622031248e-07,254,254,1,46074,0.9962495854715027,1026.7936660002306,57.16687499989348,17.96133977941148
yxd,1,8.139980311015624e-08,254,254,1,46074,0.9962495854715027,1035.9107920003225,56.8448330004685,18.223482018001263
yûh,17,1.383796652872656e-06,254,254,1,46074,0.9962495854715027,1140.373374999399,56.3068330002352,20.2528416932033
yûn,2,1.6279960622031248e-07,254,254,1,46074,0.9962495854715027,1116.2837920001039,57.29470799997216,19.483191920633338
z.k,1,8.139980311015624e-08,254,254,1,46074,0.9962495854715027,1014.3307919997824,56.23162499978207,18.038439970456366
z32,1,8.139980311015624e-08,254,254,1,46074,0.9962495854715027,1020.8088340004906,55.216207999365,18.487485305260915
za3,1,8.139980311015624e-08,254,254,1,46074,0.9962495854715027,1039.9089590000585,48.569041000519064,21.41094280591097
zeb,224,1.8233555896675e-05,254,254,1,46074,0.9962495854715027,1007.3140000004059,176.20425000040996,5.716740657493008
zgv,6,4.883988186609374e-07,254,254,1,46074,0.9962495854715027,1014.8541669996121,56.51475000013306,17.95733267858785
zja,9,7.325982279914061e-07,255,255,1,49967,0.9959326960379948,993.5206249992916,58.501790999798686,16.98273861398039
zzb,1,8.139980311015624e-08,255,255,1,49967,0.9959326960379948,1052.2088750003604,58.04983300004096,18.125958691381904
¡bu,12,9.767976373218748e-07,255,255,1,49967,0.9959326960379948,1118.3627919999708,56.55383300018002,19.7751899857329
¡ep,1,8.139980311015624e-08,255,255,1,49967,0.9959326960379948,1133.780416999798,58.28383300013229,19.45274287292026
¡pe,33,2.686193502635156e-06,255,255,1,49967,0.9959326960379948,1151.5714170000138,198.86429100006353,5.790740063029445
«gu,1,8.139980311015624e-08,255,255,1,49967,0.9959326960379948,1136.3445830002092,57.797999999820604,19.660621180728334
«ka,3,2.441994093304687e-07,255,255,1,49967,0.9959326960379948,1141.2702089992308,52.581417000510555,21.704820335826046
«pu,1,8.139980311015624e-08,255,255,1,49967,0.9959326960379948,1158.9599170001748,49.927457999729086,23.21287650988487
«ti,1,8.139980311015624e-08,255,255,1,49967,0.9959326960379948,1150.7248749994687,51.9233750001149,22.161981477454464
«un,1,8.139980311015624e-08,255,255,1,49967,0.9959326960379948,1147.2835419999683,57.911917000637914,19.810836895406702
¿ne,6,4.883988186609374e-07,255,255,1,49967,0.9959326960379948,1117.8654590003134,58.109790999878896,19.23712750924613
¿po,200,1.6279960622031246e-05,255,255,1,49967,0.9959326960379948,1122.398083999542,186.62412499998027,6.014217529484254
¿re,27,2.1977946839742186e-06,255,255,1,49967,0.9959326960379948,1145.7703329997457,105.58962499999325,10.85116395668437
¿ru,4,3.2559921244062496e-07,255,255,1,49967,0.9959326960379948,1131.7130420002286,52.49675000050047,21.557773423867946
¿sí,5,4.0699901555078117e-07,255,255,1,49967,0.9959326960379948,1239.3049579995932,57.381500000701635,21.597639622255247
áci,5,4.0699901555078117e-07,255,255,1,49967,0.9959326960379948,1134.7202919996562,59.90008400021907,18.943550930504642
ämb,8,6.511984248812499e-07,255,255,1,49967,0.9959326960379948,1129.1152920002787,58.483042000261776,19.306712738971832
äte,1,8.139980311015624e-08,255,255,1,49967,0.9959326960379948,1155.2831669996522,59.11529199966026,19.542881848681247
åsk,4,3.2559921244062496e-07,255,255,1,49967,0.9959326960379948,1156.4617089998137,57.35141599961935,20.164483977300392
æsj,2,1.6279960622031248e-07,255,255,1,49967,0.9959326960379948,1128.6016659996676,50.15804200047569,22.50091153855177
çiç,9,7.325982279914061e-07,255,255,1,49967,0.9959326960379948,1245.4612080000516,53.030417000627494,23.48578944769215
é s,15,1.2209970466523436e-06,255,255,1,49967,0.9959326960379948,1146.2756250002712,57.75904199981596,19.845821282907075
êtt,1,8.139980311015624e-08,255,255,1,49967,0.9959326960379948,1112.7010840000366,57.48849999963568,19.355194238971066
í d,1,8.139980311015624e-08,255,255,1,49967,0.9959326960379948,1116.5940420005427,57.42074999943725,19.445828241732926
így,21,1.7093958653132809e-06,255,255,1,49967,0.9959326960379948,1120.203292000042,58.10904200006917,19.27760729558592
óbu,1,8.139980311015624e-08,255,255,1,49967,0.9959326960379948,1111.2084169999434,56.992083999830356,19.497592279714688
ô e,1,8.139980311015624e-08,255,255,1,49967,0.9959326960379948,1088.5974160000842,54.88195799989626,19.835251067429883
ö (,1,8.139980311015624e-08,255,255,1,49967,0.9959326960379948,1131.412624999939,51.065667000329995,22.156033426384653
ömü,6,4.883988186609374e-07,255,255,1,49967,0.9959326960379948,1236.4294999997583,59.284124999976484,20.85599644087264
öpp,18,1.4651964559828122e-06,255,255,1,49967,0.9959326960379948,1136.935665999772,58.83820800045214,19.323084516629656
øre,14,1.1395972435421874e-06,255,255,1,49967,0.9959326960379948,1133.0127500004892,58.05850000069768,19.515019333721575
úpa,3,2.441994093304687e-07,255,255,1,49967,0.9959326960379948,1150.6867919997603,49.78958399988187,23.110994299580618
útr,1,8.139980311015624e-08,255,255,1,49967,0.9959326960379948,1150.7071670002915,49.74495799979195,23.132136668104216
übr,1,8.139980311015624e-08,255,255,1,49967,0.9959326960379948,1158.0174580003586,57.39379199985706,20.17670235141882
